panel_label	species	clade	role	fig1_class	dnmt_absent	amplified_uli	library_class	protocol	library_strategy	library_selection	center_name	assembly	runs	native_coverage	covered_sites	confident_sites	floor_table
Achroia_grisella	Achroia grisella	Lepidoptera	calibration panel	native	no	no	NATIVE (assumed: no amplification wording)	PacBio - HiFi	WGS	RANDOM PCR	WELLCOME SANGER INSTITUTE	GCA_986269915	ERR17404616	54.0685	12873839	50316	results/lowmeth/hi70/Achroia_grisella.floor.tsv
Acidia_cognata	Acidia cognata	Diptera	calibration panel	dnmt	yes	yes	AMPLIFIED (ULI)	PacBio - HiFi (ULI)	WGS	RANDOM PCR	WELLCOME SANGER INSTITUTE	GCA_976940545.1	ERR13362659	39.4647	29046340	22041	results/lowmeth/hi70/Acidia_cognata.floor.tsv
Acropora_palmata	Acropora palmata	Cnidaria	calibration panel	amp	no	yes	AMPLIFIED (ULI)	PacBio - HiFi (ULI)	WGS	RANDOM PCR	WELLCOME SANGER INSTITUTE	GCA_964030605.1	ERR12875175	184.0527	9964356	1736	results/lowmeth/hi70/Acropora_palmata.floor.tsv
Acupalpus_dubius	Acupalpus dubius	Coleoptera	calibration panel	amp	no	yes	AMPLIFIED (ULI)	PacBio - HiFi (ULI)	WGS	RANDOM PCR	WELLCOME SANGER INSTITUTE	GCA_977071005.1	ERR13660004	36.1690	16664571	4295	results/lowmeth/hi70/Acupalpus_dubius.floor.tsv
Adscita_statices	Adscita statices	Lepidoptera	calibration panel	native	no	no	NATIVE (assumed: no amplification wording)	PacBio - HiFi	WGS	RANDOM	WELLCOME SANGER INSTITUTE	GCA_976954785	ERR15606385	49.2371	21850254	123945	results/lowmeth/hi70/Adscita_statices.floor.tsv
Aethecerus_discolor	Aethecerus discolor	Hymenoptera	calibration panel	amp	no	yes	AMPLIFIED (ULI)	PacBio - HiFi (ULI)	WGS	RANDOM PCR	WELLCOME SANGER INSTITUTE	GCA_983139185.1	ERR17019274	48.2531	22247703	6978	results/lowmeth/hi70/Aethecerus_discolor.floor.tsv
Agonopterix_ciliella	Agonopterix ciliella	Lepidoptera	calibration panel	native	no	no	NATIVE (assumed: no amplification wording)	PacBio - HiFi	WGS	RANDOM	WELLCOME SANGER INSTITUTE	GCA_983533275	ERR17174485	50.8399	31777602	198455	results/lowmeth/hi70/Agonopterix_ciliella.floor.tsv
Allodia_ornaticollis	Allodia ornaticollis	Diptera	calibration panel	amp	no	yes	AMPLIFIED (ULI)	PacBio - HiFi (ULI)	WGS	RANDOM PCR	WELLCOME SANGER INSTITUTE	GCA_982340675.1	ERR15606360	62.7519	17405110	1268	results/lowmeth/hi70/Allodia_ornaticollis.floor.tsv
Anasimyia_lineata	Anasimyia lineata	Diptera	calibration panel	native	no	no	NATIVE (assumed: no amplification wording)	PacBio - HiFi	WGS	RANDOM	WELLCOME SANGER INSTITUTE	GCA_982525295.1	ERR13698293	69.4194	18762001	119346	results/lowmeth/hi70/Anasimyia_lineata.floor.tsv
Anopheles_minimus	Anopheles minimus	Diptera	calibration panel	amp	no	yes	AMPLIFIED (ULI)	PacBio - HiFi (ULI)	WGS	RANDOM PCR	WELLCOME SANGER INSTITUTE	GCA_965234385.1	ERR14048107	53.7760	11215859	28606	results/lowmeth/hi70/Anopheles_minimus.floor.tsv
Anthomyza_gracilis	Anthomyza gracilis	Diptera	calibration panel	dnmt	yes	yes	AMPLIFIED (ULI)	PacBio - HiFi (ULI)	WGS	RANDOM PCR	WELLCOME SANGER INSTITUTE	GCA_964263875.1	ERR13382538	30.0782	22630970	20406	results/lowmeth/hi70/Anthomyza_gracilis.floor.tsv
Apis_mellifera	Apis mellifera	Hymenoptera	calibration panel	native	no	no	NATIVE (assumed: no amplification wording)	PacBio - HiFi	WGS	RANDOM PCR	WELLCOME SANGER INSTITUTE	GCA_983533215.1	ERR17026601	59.4149	10576128	30294	results/lowmeth/hi70/Apis_mellifera.floor.tsv
Azelia_nebulosa	Azelia nebulosa	Diptera	calibration panel	native	no	no	NATIVE (assumed: no amplification wording)	PacBio - HiFi	WGS	RANDOM	WELLCOME SANGER INSTITUTE	GCA_964235425.1	ERR13304162	53.2969	18446202	21773	results/lowmeth/hi70/Azelia_nebulosa.floor.tsv
Beris_morrisii	Beris morrisii	Diptera	calibration panel	dnmt	yes	no	NATIVE (assumed: no amplification wording)	PacBio - HiFi	WGS	RANDOM	WELLCOME SANGER INSTITUTE	GCA_951812415.1	ERR11458807	38.8408	21915929	4652	results/lowmeth/hi70/Beris_morrisii.floor.tsv
Boloria_frigga	Boloria frigga	Lepidoptera	calibration panel	native	no	no	NATIVE (assumed: no amplification wording)	PacBio - HiFi	WGS	RANDOM	WELLCOME SANGER INSTITUTE	GCA_964273715	ERR13660087	48.2135	11947501	45532	results/lowmeth/hi70/Boloria_frigga.floor.tsv
Bombus_distinguendus	Bombus distinguendus	Hymenoptera	calibration panel	native	no	no	NATIVE (assumed: no amplification wording)	PacBio - HiFi	WGS	RANDOM	WELLCOME SANGER INSTITUTE	GCA_982382415.1	ERR16090225	58.9888	30650552	31148	results/lowmeth/hi70/Bombus_distinguendus.floor.tsv
Bryotropha_affinis	Bryotropha affinis	Lepidoptera	calibration panel	amp	no	yes	AMPLIFIED (ULI)	PacBio - HiFi (ULI)	WGS	RANDOM PCR	WELLCOME SANGER INSTITUTE	GCA_965641975	ERR14995226	50.5786	22539340	1216	results/lowmeth/hi70/Bryotropha_affinis.floor.tsv
Caenorhabditis_dolens	Caenorhabditis dolens	Nematoda	calibration panel	native	no	no	NATIVE (assumed: no amplification wording)	PacBio - HiFi	WGS	RANDOM	WELLCOME SANGER INSTITUTE	GCA_965231745.1	ERR14209193	182.0549	3543546	2679	results/lowmeth/hi70/Caenorhabditis_dolens.floor.tsv
Caenorhabditis_elegans	Caenorhabditis elegans	Nematoda	calibration panel	dnmt	yes	unknown	UNKNOWN (no protocol text)	(none)	Hi-C	Restriction Digest	Wellcome Sanger Institute;SC	GCA_000002985.3	ERR16800044	154.8158	3099092	282	results/lowmeth/hi70/Caenorhabditis_elegans.floor.tsv
Caenorhabditis_portoensis	Caenorhabditis portoensis	Nematoda	calibration panel	dnmt	yes	no	NATIVE (assumed: no amplification wording)	PacBio - HiFi	WGS	RANDOM	WELLCOME SANGER INSTITUTE	GCA_981261845.1	ERR15896240	189.5375	5482165	131	results/lowmeth/hi70/Caenorhabditis_portoensis.floor.tsv
Calliphora_loewi	Calliphora loewi	Diptera	calibration panel	dnmt	yes	no	NATIVE (assumed: no amplification wording)	PacBio - HiFi	WGS	RANDOM	WELLCOME SANGER INSTITUTE	GCA_982340765.1	ERR15606409	32.0575	15136124	43558	results/lowmeth/hi70/Calliphora_loewi.floor.tsv
Campiglossa_producta	Campiglossa producta	Diptera	calibration panel	dnmt	yes	yes	AMPLIFIED (ULI)	PacBio - HiFi (ULI)	WGS	RANDOM PCR	WELLCOME SANGER INSTITUTE	GCA_964058745.1	ERR12721074	38.9423	27682351	21384	results/lowmeth/hi70/Campiglossa_producta.floor.tsv
Clogmia_albipunctata	Clogmia albipunctata	Diptera	calibration panel	dnmt	yes	no	NATIVE (assumed: no amplification wording)	PacBio - HiFi	WGS	RANDOM	WELLCOME SANGER INSTITUTE	GCA_965637365.1	ERR14151125	61.5677	7775312	1800	results/lowmeth/hi70/Clogmia_albipunctata.floor.tsv
Coelopa_frigida	Coelopa frigida	Diptera	calibration panel	dnmt	yes	yes	AMPLIFIED (ULI)	PacBio - HiFi (ULI)	WGS	RANDOM PCR	WELLCOME SANGER INSTITUTE	GCA_981559755.1	ERR13245284	84.8089	10260202	4219	results/lowmeth/hi70/Coelopa_frigida.floor.tsv
Coleophora_lutipennella	Coleophora lutipennella	Lepidoptera	calibration panel	native	no	no	NATIVE (assumed: no amplification wording)	PacBio - HiFi	WGS	RANDOM	WELLCOME SANGER INSTITUTE	GCA_985758345	ERR17229032	42.2881	46252495	191414	results/lowmeth/hi70/Coleophora_lutipennella.floor.tsv
Colotis_evagore	Colotis evagore	Lepidoptera	calibration panel	native	no	no	NATIVE (assumed: no amplification wording)	PacBio - HiFi	WGS	RANDOM	WELLCOME SANGER INSTITUTE	GCA_964332265	ERR13900442	49.9758	8279823	64005	results/lowmeth/hi70/Colotis_evagore.floor.tsv
Cylindromyia_interrupta	Cylindromyia interrupta	Diptera	calibration panel	native	no	no	NATIVE (assumed: no amplification wording)	PacBio - HiFi	WGS	RANDOM	WELLCOME SANGER INSTITUTE	GCA_984089045.1	ERR13800513	67.3987	18806531	6920	results/lowmeth/hi70/Cylindromyia_interrupta.floor.tsv
Dexiosoma_caninum	Dexiosoma caninum	Diptera	calibration panel	dnmt	yes	no	NATIVE (assumed: no amplification wording)	PacBio - HiFi	WGS	RANDOM	WELLCOME SANGER INSTITUTE	GCA_963924685.1	ERR12075164	60.7426	13383236	825	results/lowmeth/hi70/Dexiosoma_caninum.floor.tsv
Diamesa_tonsa	Diamesa tonsa	Diptera	calibration panel	native	no	unknown	UNKNOWN (no protocol text)	(none)	WGS	size fractionation	ELIXIR Norway;ELIXIR-Norway	GCA_975301885.1	ERR15496822	57.2739	1499146	65	results/lowmeth/hi70/Diamesa_tonsa.floor.tsv
Drymonia_dodonaea	Drymonia dodonaea	Lepidoptera	calibration panel	native	no	no	NATIVE (assumed: no amplification wording)	PacBio - HiFi	WGS	RANDOM	WELLCOME SANGER INSTITUTE	GCA_965178025	ERR14209122	53.8173	13997098	33641	results/lowmeth/hi70/Drymonia_dodonaea.floor.tsv
Eilema_lutarellum	Eilema lutarellum	Lepidoptera	calibration panel	native	no	no	NATIVE (assumed: no amplification wording)	PacBio - HiFi	WGS	RANDOM	WELLCOME SANGER INSTITUTE	GCA_982935455	ERR16799942	47.4696	37573954	87187	results/lowmeth/hi70/Eilema_lutarellum.floor.tsv
Fragum_whitleyi	Fragum whitleyi	Mollusca	calibration panel	amp	no	yes	AMPLIFIED (ULI)	PacBio - HiFi (ULI)	WGS	RANDOM PCR	WELLCOME SANGER INSTITUTE	GCA_948146395.1	ERR15170252	39.3866	28277398	14872	results/lowmeth/hi70/Fragum_whitleyi.floor.tsv
Idaea_ochrata	Idaea ochrata	Lepidoptera	calibration panel	native	no	no	NATIVE (assumed: no amplification wording)	PacBio - HiFi	WGS	RANDOM	WELLCOME SANGER INSTITUTE	GCA_984573585	ERR17174487	51.6527	13226735	69399	results/lowmeth/hi70/Idaea_ochrata.floor.tsv
Lycaena_thersamon	Lycaena thersamon	Lepidoptera	calibration panel	native	no	no	NATIVE (assumed: no amplification wording)	PacBio - HiFi	WGS	RANDOM	WELLCOME SANGER INSTITUTE	GCA_965194355	ERR14151116	53.4770	16780881	88745	results/lowmeth/hi70/Lycaena_thersamon.floor.tsv
Melieria_omissa	Melieria omissa	Diptera	calibration panel	native	no	no	NATIVE (assumed: no amplification wording)	PacBio - HiFi	WGS	RANDOM	WELLCOME SANGER INSTITUTE	GCA_963971225.1	ERR12120054	58.2556	18956495	5232	results/lowmeth/hi70/Melieria_omissa.floor.tsv
Monopis_crocicapitella	Monopis crocicapitella	Lepidoptera	calibration panel	native	no	no	NATIVE (assumed: no amplification wording)	PacBio - HiFi	WGS	RANDOM	WELLCOME SANGER INSTITUTE	GCA_965113135	ERR14105723	34.4638	15233481	171392	results/lowmeth/hi70/Monopis_crocicapitella.floor.tsv
Mucor_piriformis	Mucor piriformis	Fungi	calibration panel	amp	no	yes	AMPLIFIED (ULI)	PacBio - HiFi (ULI)	WGS	RANDOM	WELLCOME SANGER INSTITUTE	GCA_943193625.1	ERR15170244	198.6953	948996	5	results/lowmeth/hi70/Mucor_piriformis.floor.tsv
Myopa_buccata	Myopa buccata	Diptera	calibration panel	native	no	no	NATIVE (assumed: no amplification wording)	PacBio - HiFi	WGS	RANDOM	WELLCOME SANGER INSTITUTE	GCA_965637325.1	ERR14151143	63.4785	10697672	2250	results/lowmeth/hi70/Myopa_buccata.floor.tsv
Mytilus_galloprovincialis	Mytilus galloprovincialis	Mollusca	calibration panel	native	no	no	NATIVE (assumed: no amplification wording)	PacBio - HiFi	WGS	RANDOM	WELLCOME SANGER INSTITUTE	GCA_965363235.1	ERR14886546	42.6968	25849514	2533108	results/lowmeth/hi70/Mytilus_galloprovincialis.floor.tsv
Nemotelus_uliginosus	Nemotelus uliginosus	Diptera	calibration panel	native	no	no	NATIVE (assumed: no amplification wording)	PacBio - HiFi	WGS	RANDOM	WELLCOME SANGER INSTITUTE	GCA_982191795.1	ERR13660026	59.7612	40931427	9242	results/lowmeth/hi70/Nemotelus_uliginosus.floor.tsv
Ostrinia_nubilalis	Ostrinia nubilalis	Lepidoptera	calibration panel	native	no	unknown	UNKNOWN (no protocol text)	(none)	WGS	RANDOM	SUB14572849	GCA_043791035	SRR29644392	50.3160	19732324	29090	results/lowmeth/hi70/Ostrinia_nubilalis.floor.tsv
Pammene_suspectana	Pammene suspectana	Lepidoptera	calibration panel	native	no	no	NATIVE (assumed: no amplification wording)	PacBio - HiFi	WGS	RANDOM	WELLCOME SANGER INSTITUTE	GCA_964504545	ERR13957073	52.5137	22066303	85634	results/lowmeth/hi70/Pammene_suspectana.floor.tsv
Papestra_biren	Papestra biren	Lepidoptera	calibration panel	native	no	no	NATIVE (assumed: no amplification wording)	PacBio - HiFi	WGS	RANDOM	WELLCOME SANGER INSTITUTE	GCA_977966435.1	ERR15996683	68.3673	23886047	43413	results/lowmeth/hi70/Papestra_biren.floor.tsv
Pocillopora_damicornis	Pocillopora damicornis	Cnidaria	calibration panel	native	no	no	NATIVE (assumed: no amplification wording)	PacBio - HiFi	WGS	RANDOM	WELLCOME SANGER INSTITUTE	GCA_964200805.1	ERR13332880	171.7820	10563580	274667	results/lowmeth/hi70/Pocillopora_damicornis.floor.tsv
Porites_lobata	Porites lobata	Cnidaria	calibration panel	amp	no	yes	AMPLIFIED (ULI)	PacBio - HiFi (ULI)	WGS	RANDOM PCR	WELLCOME SANGER INSTITUTE	GCA_973946955.1	ERR13994834	102.9420	17887235	10581	results/lowmeth/hi70/Porites_lobata.floor.tsv
Ptychoptera_lacustris	Ptychoptera lacustris	Diptera	calibration panel	native	no	no	NATIVE (assumed: no amplification wording)	PacBio - HiFi	WGS	RANDOM	WELLCOME SANGER INSTITUTE	GCA_984573375.1	ERR15606366	58.2715	4175204	19040	results/lowmeth/hi70/Ptychoptera_lacustris.floor.tsv
Pyrgus_serratulae	Pyrgus serratulae	Lepidoptera	calibration panel	native	no	no	NATIVE (assumed: no amplification wording)	PacBio - HiFi	WGS	RANDOM	WELLCOME SANGER INSTITUTE	GCA_964397965	ERR13957101	47.6004	26862107	121244	results/lowmeth/hi70/Pyrgus_serratulae.floor.tsv
Ruditapes_philippinarum	Ruditapes philippinarum	Mollusca	calibration panel	native	no	no	NATIVE (assumed: no amplification wording)	PacBio - HiFi	WGS	RANDOM	WELLCOME SANGER INSTITUTE	GCA_982114075.1	ERR15677647	41.2439	20627310	1568927	results/lowmeth/hi70/Ruditapes_philippinarum.floor.tsv
Scellus_notatus	Scellus notatus	Diptera	calibration panel	native	no	no	NATIVE (assumed: no amplification wording)	PacBio - HiFi	WGS	RANDOM	WELLCOME SANGER INSTITUTE	GCA_964204855.1	ERR12875208	54.1611	6773788	1737	results/lowmeth/hi70/Scellus_notatus.floor.tsv
Stylophora_pistillata	Stylophora pistillata	Cnidaria	calibration panel	amp	no	yes	AMPLIFIED (ULI)	PacBio - HiFi (ULI)	WGS	RANDOM PCR	WELLCOME SANGER INSTITUTE	GCA_964205215.1	ERR13362596	95.5835	17198023	5066	results/lowmeth/hi70/Stylophora_pistillata.floor.tsv
Toxonevra_muliebris	Toxonevra muliebris	Diptera	calibration panel	amp	no	yes	AMPLIFIED (ULI)	PacBio - HiFi (ULI)	WGS	RANDOM PCR	WELLCOME SANGER INSTITUTE	GCA_963691655.1	ERR12205287	64.5586	12342525	10808	results/lowmeth/hi70/Toxonevra_muliebris.floor.tsv
Tricyphona_immaculata	Tricyphona immaculata	Diptera	calibration panel	amp	no	yes	AMPLIFIED (ULI)	PacBio - HiFi (ULI)	WGS	RANDOM PCR	WELLCOME SANGER INSTITUTE	GCA_982935435.1	ERR14995223	57.8786	3609016	541	results/lowmeth/hi70/Tricyphona_immaculata.floor.tsv
Xenostrobus_securis	Xenostrobus securis	Mollusca	calibration panel	native	no	no	NATIVE (assumed: no amplification wording)	PacBio - HiFi	WGS	RANDOM	WELLCOME SANGER INSTITUTE	GCA_982375365.1	ERR15569705	59.6087	19953463	3239091	results/lowmeth/hi70/Xenostrobus_securis.floor.tsv
ilAgrLitu1_deposited	Agrochola litura	Lepidoptera	calibration panel (deposited calls; same run re-called for the paired comparison)	native	no	no	NATIVE (assumed: no amplification wording)	PacBio - HiFi	WGS	RANDOM	WELLCOME SANGER INSTITUTE	GCA_949152395	ERR10812861	31.0008	28818891	60701	results/lowmeth/hi70/ilAgrLitu1_deposited.floor.tsv
ilAgrLitu1_recalled	Agrochola litura	Lepidoptera	calibration panel (deposited calls; same run re-called for the paired comparison)	native	no	no	NATIVE (assumed: no amplification wording)	PacBio - HiFi	WGS	RANDOM	WELLCOME SANGER INSTITUTE	GCA_949152395	ERR10812861	30.9668	28818886	46975	results/lowmeth/hi70/ilAgrLitu1_recalled.floor.tsv
ilAgrLych1	Agrochola lychnidis	Lepidoptera	calibration panel	native	no	no	NATIVE (assumed: no amplification wording)	PacBio - HiFi	WGS	RANDOM	WELLCOME SANGER INSTITUTE	GCA_963680765.1	ERR12015731	31.4750	29925087	72296	results/lowmeth/hi70/ilAgrLych1.floor.tsv
ilApaCren1	Apamea crenata	Lepidoptera	calibration panel	native	no	no	NATIVE (assumed: no amplification wording)	PacBio - HiFi	WGS	RANDOM	WELLCOME SANGER INSTITUTE	GCA_949629185.1	ERR10906099	42.0402	21498398	52787	results/lowmeth/hi70/ilApaCren1.floor.tsv
ilApaSubl1	Apamea sublustris	Lepidoptera	calibration panel	native	no	no	NATIVE (assumed: no amplification wording)	PacBio - HiFi	WGS	RANDOM	WELLCOME SANGER INSTITUTE	GCA_964263905.1	ERR13485738	32.5355	25598112	87155	results/lowmeth/hi70/ilApaSubl1.floor.tsv
ilCalLunu1	Calophasia lunula	Lepidoptera	calibration panel	native	no	no	NATIVE (assumed: no amplification wording)	PacBio - HiFi	WGS	RANDOM	WELLCOME SANGER INSTITUTE	GCA_964276575.1	ERR13650038	68.5083	21350491	46481	results/lowmeth/hi70/ilCalLunu1.floor.tsv
ilCerLeuc1	Cerastis leucographa	Lepidoptera	calibration panel	native	no	no	NATIVE (assumed: no amplification wording)	PacBio - HiFi	WGS	RANDOM	WELLCOME SANGER INSTITUTE	GCA_963082945.1	ERR11673258	35.1581	23697519	41596	results/lowmeth/hi70/ilCerLeuc1.floor.tsv
ilDasTemp1	Dasypolia templi	Lepidoptera	calibration panel	native	no	no	NATIVE (assumed: no amplification wording)	PacBio - HiFi	WGS	RANDOM	WELLCOME SANGER INSTITUTE	GCA_963555695.1	ERR11892490	83.0343	33399782	51479	results/lowmeth/hi70/ilDasTemp1.floor.tsv
ilEurOccu1	Eurois occulta	Lepidoptera	calibration panel	native	no	no	NATIVE (assumed: no amplification wording)	PacBio - HiFi	WGS	RANDOM	WELLCOME SANGER INSTITUTE	GCA_950022335.1	ERR11029702	34.8588	22337380	61607	results/lowmeth/hi70/ilEurOccu1.floor.tsv
ilHadPleb2	Hada plebeja	Lepidoptera	calibration panel	native	no	no	NATIVE (assumed: no amplification wording)	PacBio - HiFi	WGS	RANDOM	WELLCOME SANGER INSTITUTE	GCA_965152725.1	ERR13650040	58.8670	24314335	53253	results/lowmeth/hi70/ilHadPleb2.floor.tsv
ilHelArmi9	Helicoverpa armigera	Lepidoptera	calibration panel	native	no	no	NATIVE (assumed: no amplification wording)	PacBio - HiFi	WGS	RANDOM	WELLCOME SANGER INSTITUTE	GCA_963930815.1	ERR12102456	68.1670	12310506	36003	results/lowmeth/hi70/ilHelArmi9.floor.tsv
ilHopAmbi1	Hoplodrina ambigua	Lepidoptera	calibration panel	native	no	no	NATIVE (assumed: no amplification wording)	PacBio - HiFi	WGS	RANDOM	WELLCOME SANGER INSTITUTE	GCA_949774945.1	ERR11029658	51.8836	15458713	33819	results/lowmeth/hi70/ilHopAmbi1.floor.tsv
ilHopBlan1	Hoplodrina blanda	Lepidoptera	calibration panel	native	no	no	NATIVE (assumed: no amplification wording)	PacBio - HiFi	WGS	RANDOM	WELLCOME SANGER INSTITUTE	GCA_949316365.1	ERR10809408	60.2330	16581304	39780	results/lowmeth/hi70/ilHopBlan1.floor.tsv
ilHypRect1	Hyppa rectilinea	Lepidoptera	calibration panel	native	no	no	NATIVE (assumed: no amplification wording)	PacBio - HiFi	WGS	RANDOM	WELLCOME SANGER INSTITUTE	GCA_951799385.1	ERR11242131	35.8378	21084567	55016	results/lowmeth/hi70/ilHypRect1.floor.tsv
ilLacOler1	Lacanobia oleracea	Lepidoptera	calibration panel	native	no	no	NATIVE (assumed: no amplification wording)	PacBio - HiFi	WGS	RANDOM	WELLCOME SANGER INSTITUTE	GCA_950371165.1	ERR11242137	30.1308	33381794	61340	results/lowmeth/hi70/ilLacOler1.floor.tsv
ilLitLeau1	Lithophane leautieri	Lepidoptera	calibration panel	native	no	no	NATIVE (assumed: no amplification wording)	PacBio - HiFi	WGS	RANDOM	WELLCOME SANGER INSTITUTE	GCA_949152455.1	ERR10841316	56.7373	19196723	39726	results/lowmeth/hi70/ilLitLeau1.floor.tsv
ilLitOrni1	Lithophane ornitopus	Lepidoptera	calibration panel	native	no	no	NATIVE (assumed: no amplification wording)	PacBio - HiFi	WGS	RANDOM	WELLCOME SANGER INSTITUTE	GCA_948473465.1	ERR10704794	57.7394	18651878	38460	results/lowmeth/hi70/ilLitOrni1.floor.tsv
ilLitSoci1	Lithophane socia	Lepidoptera	calibration panel	native	no	no	NATIVE (assumed: no amplification wording)	PacBio - HiFi	WGS	RANDOM	WELLCOME SANGER INSTITUTE	GCA_947522985.1	ERR10499351	58.2248	18113168	33984	results/lowmeth/hi70/ilLitSoci1.floor.tsv
ilNocJanh1	Noctua janthina	Lepidoptera	calibration panel	native	no	no	NATIVE (assumed: no amplification wording)	PacBio - HiFi	WGS	RANDOM	WELLCOME SANGER INSTITUTE	GCA_963576755.1	ERR12120046	68.2128	20365474	59006	results/lowmeth/hi70/ilNocJanh1.floor.tsv
ilPluFest1	Plusia festucae	Lepidoptera	calibration panel	native	no	no	NATIVE (assumed: no amplification wording)	PacBio - HiFi	WGS	RANDOM	WELLCOME SANGER INSTITUTE	GCA_950381575.1	ERR11242138	59.2562	14377062	31933	results/lowmeth/hi70/ilPluFest1.floor.tsv
ilPolLich1	Polymixis lichenea	Lepidoptera	calibration panel	native	no	no	NATIVE (assumed: no amplification wording)	PacBio - HiFi	WGS	RANDOM	WELLCOME SANGER INSTITUTE	GCA_949091785.1	ERR10798432	40.2725	27090172	60572	results/lowmeth/hi70/ilPolLich1.floor.tsv
ilPolNebu2	Polia nebulosa	Lepidoptera	calibration panel	native	no	no	NATIVE (assumed: no amplification wording)	PacBio - HiFi	WGS	RANDOM	WELLCOME SANGER INSTITUTE	GCA_951329385.1	ERR11242139	23.9100	39125404	105650	results/lowmeth/hi70/ilPolNebu2.floor.tsv
ilPyrUmbr1	Pyrrhia umbra	Lepidoptera	calibration panel	native	no	no	NATIVE (assumed: no amplification wording)	PacBio - HiFi	WGS	RANDOM	WELLCOME SANGER INSTITUTE	GCA_963891755.1	ERR12055564	37.4431	15229027	74093	results/lowmeth/hi70/ilPyrUmbr1.floor.tsv
xylo	Xylocopa violacea	Hymenoptera	calibration panel (methylome re-called from deposited kinetics)	native	no	unknown	UNKNOWN (no protocol text)	(none)	WGS	other	Earlham Institute;EI	GCA_963969225.2	ERR13065094;ERR13065095	22.7194	61749699	87305	results/lowmeth/hi70/xylo.floor.tsv
